hong kong,f,3750.0
hong kong,m,3750.0
india,f,151.5151515151515
india,m,151.5151515151515
london,f,59701.49253731343
london,m,59701.49253731343
singapore,f,33333.333333333336
singapore,m,33333.333333333336
us,f,20000.0
us,m,20000.0
