hong kong,f,22744.125
hong kong,m,32118.75
ind,f,10242.545454545454
ind,m,10981.09090909091
new delhi,f,1718.6818181818182
new delhi,m,3652.1969696969695
singapore,f,40228.666666666664
singapore,m,51240.0
uk,f,30516.41791044776
uk,m,41091.0447761194
usa,f,161280.0
usa,m,199693.0
